<?xml version="1.0" encoding="UTF-8"?>
<project-private xmlns="http://www.netbeans.org/ns/project-private/1">
    <editor-bookmarks xmlns="http://www.netbeans.org/ns/editor-bookmarks/2" lastBookmarkId="0"/>
    <open-files xmlns="http://www.netbeans.org/ns/projectui-open-files/2">
        <group>
            <file>file:/C:/Users/ADMIN/Documents/GitHub/PRJ301/Workshop_01/web/login.jsp</file>
            <file>file:/C:/Users/ADMIN/Documents/GitHub/PRJ301/Workshop_01/src/java/dao/ProjectsDAO.java</file>
            <file>file:/C:/Users/ADMIN/Documents/GitHub/PRJ301/Workshop_01/web/update.jsp</file>
            <file>file:/C:/Users/ADMIN/Documents/GitHub/PRJ301/Workshop_01/web/home.jsp</file>
            <file>file:/C:/Users/ADMIN/Documents/GitHub/PRJ301/Workshop_01/web/logout.jsp</file>
            <file>file:/C:/Users/ADMIN/Documents/GitHub/PRJ301/Workshop_01/src/java/controller/MainController.java</file>
            <file>file:/C:/Users/ADMIN/Documents/GitHub/PRJ301/Workshop_01/src/java/dto/ProjectsDTO.java</file>
            <file>file:/C:/Users/ADMIN/Documents/GitHub/PRJ301/Workshop_01/web/create.jsp</file>
            <file>file:/C:/Users/ADMIN/Documents/GitHub/PRJ301/Workshop_01/web/assets/css/create.css</file>
            <file>file:/C:/Users/ADMIN/Documents/GitHub/PRJ301/Workshop_01/web/header.jsp</file>
            <file>file:/C:/Users/ADMIN/Documents/GitHub/PRJ301/Workshop_01/src/java/dao/IDAO.java</file>
        </group>
    </open-files>
</project-private>
