<?xml version="1.0" encoding="UTF-8"?>
<project-private xmlns="http://www.netbeans.org/ns/project-private/1">
    <editor-bookmarks xmlns="http://www.netbeans.org/ns/editor-bookmarks/2" lastBookmarkId="0"/>
    <open-files xmlns="http://www.netbeans.org/ns/projectui-open-files/2">
        <group>
            <file>file:/C:/Users/ADMIN/Documents/GitHub/PRJ301/WorkShop2/web/login.jsp</file>
            <file>file:/C:/Users/ADMIN/Documents/GitHub/PRJ301/WorkShop2/src/java/controller/MainController.java</file>
            <file>file:/C:/Users/ADMIN/Documents/GitHub/PRJ301/WorkShop2/src/java/dto/ExamDTO.java</file>
            <file>file:/C:/Users/ADMIN/Documents/GitHub/PRJ301/WorkShop2/web/home.jsp</file>
            <file>file:/C:/Users/ADMIN/Documents/GitHub/PRJ301/WorkShop2/web/viewResults.jsp</file>
            <file>file:/C:/Users/ADMIN/Documents/GitHub/PRJ301/WorkShop2/web/header.jsp</file>
            <file>file:/C:/Users/ADMIN/Documents/GitHub/PRJ301/WorkShop2/src/java/dao/ExamDAO.java</file>
            <file>file:/C:/Users/ADMIN/Documents/GitHub/PRJ301/WorkShop2/web/takeExam.jsp</file>
        </group>
    </open-files>
</project-private>
